mode,n,win_rate,total_pnl,avg_pnl,sharpe,mdd,tp_rate,sl_rate,avg_hold,symbol
MR,108,49.1,10.8046,0.1,20.491,1.67,20.4,41.7,2.9,AAVE/USDC:USDC
TREND_v1,540,43.0,-1.1169,-0.0021,-0.38,4.33,13.5,38.7,3.1,AAVE/USDC:USDC
TREND_v2,298,45.3,42.2869,0.1419,23.027,2.92,18.1,37.9,3.1,AAVE/USDC:USDC
MR,114,43.9,2.916,0.0256,5.748,2.25,11.4,44.7,2.9,APE/USDC:USDC
TREND_v1,524,41.8,-20.732,-0.0396,-5.556,7.13,14.1,38.5,3.0,APE/USDC:USDC
TREND_v2,303,39.9,-12.797,-0.0422,-5.694,7.75,13.9,41.6,2.9,APE/USDC:USDC
MR,88,50.0,38.5322,0.4379,56.22,1.14,25.0,37.5,3.0,AXS/USDC:USDC
TREND_v1,358,45.0,45.3304,0.1266,13.744,6.61,15.1,41.9,3.0,AXS/USDC:USDC
TREND_v2,203,48.3,59.7989,0.2946,29.401,3.5,21.2,39.9,3.0,AXS/USDC:USDC
MR,82,42.7,-3.579,-0.0436,-18.84,1.27,14.6,46.3,2.6,BTC/USDC:USDC
TREND_v1,614,42.0,-0.9841,-0.0016,-0.522,3.2,16.1,39.1,3.1,BTC/USDC:USDC
TREND_v2,359,43.5,19.3128,0.0538,16.218,1.23,20.3,40.4,2.9,BTC/USDC:USDC
MR,0,0.0,0.0,0.0,0.0,0.0,0.0,0.0,0.0,CHIP/USDC:USDC
TREND_v1,11,72.7,22.2962,2.0269,153.436,1.04,9.1,9.1,3.6,CHIP/USDC:USDC
TREND_v2,0,0.0,0.0,0.0,0.0,0.0,0.0,0.0,0.0,CHIP/USDC:USDC
MR,75,29.3,-19.2855,-0.2571,-83.905,3.26,12.0,64.0,2.4,ETH/USDC:USDC
TREND_v1,624,46.0,37.6094,0.0603,14.106,3.44,15.4,33.8,3.2,ETH/USDC:USDC
TREND_v2,348,44.8,16.9466,0.0487,10.877,2.83,18.1,35.3,3.2,ETH/USDC:USDC
MR,100,56.0,64.8952,0.649,72.414,2.23,24.0,30.0,3.1,FARTCOIN/USDC:USDC
TREND_v1,563,46.7,49.2392,0.0875,8.84,7.33,13.7,34.5,3.2,FARTCOIN/USDC:USDC
TREND_v2,318,49.1,43.9156,0.1381,13.418,9.65,15.7,34.3,3.2,FARTCOIN/USDC:USDC
MR,131,49.6,9.3325,0.0712,11.827,2.54,16.0,40.5,3.0,HYPE/USDC:USDC
TREND_v1,500,45.2,13.4772,0.027,3.909,6.52,14.6,40.2,3.1,HYPE/USDC:USDC
TREND_v2,284,44.4,5.6019,0.0197,2.791,4.01,13.4,41.2,3.2,HYPE/USDC:USDC
MR,128,45.3,-15.6266,-0.1221,-9.165,5.36,11.7,46.1,2.8,MON/USDC:USDC
TREND_v1,453,42.2,-20.584,-0.0454,-3.518,10.5,13.9,40.6,3.1,MON/USDC:USDC
TREND_v2,270,39.6,-46.0955,-0.1707,-15.103,9.89,13.3,41.1,3.0,MON/USDC:USDC
MR,93,48.4,-4.3575,-0.0469,-12.761,2.25,11.8,43.0,2.9,SOL/USDC:USDC
TREND_v1,545,41.8,-26.5831,-0.0488,-10.257,7.53,12.1,41.3,3.1,SOL/USDC:USDC
TREND_v2,322,44.4,13.4954,0.0419,8.186,3.12,15.2,40.1,3.1,SOL/USDC:USDC
MR,113,46.9,-1.1638,-0.0103,-1.801,2.92,13.3,42.5,2.9,TAO/USDC:USDC
TREND_v1,525,44.2,50.4816,0.0962,12.044,4.49,14.3,39.8,3.1,TAO/USDC:USDC
TREND_v2,304,42.8,9.748,0.0321,3.929,4.35,17.1,43.1,3.0,TAO/USDC:USDC
MR,103,43.7,5.3147,0.0516,13.1,1.79,14.6,46.6,2.8,TRUMP/USDC:USDC
TREND_v1,569,45.9,63.2683,0.1112,19.702,3.35,15.5,37.3,3.2,TRUMP/USDC:USDC
TREND_v2,325,44.3,47.154,0.1451,24.176,2.74,17.8,39.1,3.1,TRUMP/USDC:USDC
MR,93,43.0,1.1922,0.0128,3.589,1.51,18.3,45.2,2.8,XRP/USDC:USDC
TREND_v1,555,47.9,32.6013,0.0587,12.192,3.88,15.1,36.6,3.1,XRP/USDC:USDC
TREND_v2,321,42.1,15.238,0.0475,9.646,2.73,17.1,40.5,2.9,XRP/USDC:USDC
MR,16,25.0,-10.5053,-0.6566,-165.653,1.92,12.5,68.8,2.6,XYZ-BRENTOIL/USDC:USDC
TREND_v1,164,43.9,-17.0422,-0.1039,-16.156,5.54,11.0,39.0,3.1,XYZ-BRENTOIL/USDC:USDC
TREND_v2,85,44.7,-9.938,-0.1169,-19.333,2.81,11.8,35.3,3.2,XYZ-BRENTOIL/USDC:USDC
MR,41,56.1,7.5335,0.1837,50.192,0.57,19.5,39.0,3.0,XYZ-CL/USDC:USDC
TREND_v1,325,42.5,-2.3191,-0.0071,-1.331,3.44,13.5,38.5,3.1,XYZ-CL/USDC:USDC
TREND_v2,175,47.4,24.5731,0.1404,23.37,2.1,17.7,34.9,3.0,XYZ-CL/USDC:USDC
MR,41,51.2,1.5168,0.037,21.209,0.24,24.4,39.0,2.9,XYZ-GOLD/USDC:USDC
TREND_v1,403,44.2,8.2579,0.0205,8.5,2.18,19.4,39.2,2.9,XYZ-GOLD/USDC:USDC
TREND_v2,229,45.4,9.1849,0.0401,17.243,0.87,22.7,39.3,2.9,XYZ-GOLD/USDC:USDC
MR,27,33.3,-7.5501,-0.2796,-60.935,1.61,11.1,44.4,3.0,XYZ-SILVER/USDC:USDC
TREND_v1,405,47.7,16.7909,0.0415,7.236,2.21,17.5,37.5,3.0,XYZ-SILVER/USDC:USDC
TREND_v2,229,47.6,12.455,0.0544,9.627,2.44,21.4,38.9,2.9,XYZ-SILVER/USDC:USDC
MR,15,20.0,-1.4332,-0.0955,-103.319,0.24,6.7,53.3,2.7,XYZ-SP500/USDC:USDC
TREND_v1,131,42.7,-1.4464,-0.011,-10.537,0.6,11.5,36.6,3.1,XYZ-SP500/USDC:USDC
TREND_v2,69,44.9,0.0964,0.0014,1.282,0.34,11.6,33.3,3.1,XYZ-SP500/USDC:USDC
MR,78,35.9,-0.355,-0.0046,-4.412,0.31,19.2,47.4,2.6,XYZ-XYZ100/USDC:USDC
TREND_v1,579,45.4,8.9455,0.0154,13.883,0.93,14.7,38.0,3.0,XYZ-XYZ100/USDC:USDC
TREND_v2,333,47.1,3.742,0.0112,9.94,0.89,15.9,38.1,2.9,XYZ-XYZ100/USDC:USDC
MR,146,40.4,-70.0594,-0.4799,-62.921,14.24,12.3,50.7,2.8,ZEC/USDC:USDC
TREND_v1,692,45.8,-19.7127,-0.0285,-2.643,17.87,13.6,38.7,3.2,ZEC/USDC:USDC
TREND_v2,390,44.1,19.429,0.0498,4.605,12.11,16.2,37.4,3.1,ZEC/USDC:USDC
